﻿<Properties>
  <WatchEntry0 value="bugList.Count" />
  <WatchEntry1 value="BugFilter.Filter(&quot;BG_PROJECT&quot;)" />
  <WatchEntry2 value="BugFilter.Filter(&quot;BG_STATUS&quot;)" />
  <WatchEntry3 value="BugFilter.Filter(&quot;BG_SEVERITY&quot;)" />
  <WatchEntry4 value="BugList.Item(1).Field(&quot;BG_BUG_ID&quot;)" />
  <WatchEntry5 value="BG_PROJECT" />
  <WatchEntry6 value="objBug.Field(&quot;BG_USER_01&quot;)" />
  <WatchEntry7 value="BugFilter.Filter(&quot;BG_USER_01&quot;)" />
</Properties>